{
    "dollGeometry": [
        {
            "index": 0,
            "joint_pos_index": 0,
            "case_model": "",
            "doll_type": "doll_random",
            "pos_x": 0.0,
            "pos_y": 1.2400000095367432,
            "pos_z": -0.5,
            "scale_x": 2.0,
            "scale_y": 2.0,
            "scale_z": 2.0,
            "rot_x": 0.0,
            "rot_y": 180.0,
            "rot_z": 0.0
        }
    ],
    "machineComponent": [
        {
            "model": "plate1",
            "exsist": true,
            "pos_x": 0.0,
            "pos_y": -0.09000000357627869,
            "pos_z": -0.009999999776482582,
            "scale_x": 1.0,
            "scale_y": 1.4199999570846558,
            "scale_z": 1.0,
            "rot_x": 270.019775390625,
            "rot_y": 180.0,
            "rot_z": 0.0
        }
    ]
}
